junctionId,junctionName,id,type,name,countryCode,driveOnLeft,trafficLights,roadName,direction,frc,length,oneWayRoad,excluded,drivable,segmentGeometryWKT,openlr,dataNotAvailable,rawJunctionGeometryWKT,rawJunctionRadius
6800743b11220d5a035da621,"Strada Buzești - Strada Medic Constantin Caracaș - Piața Regina Ana de România - Strada Clopotarii Vechi - Strada Paris - Bulevardul Ion Mihalache - Intrarea Doctor Iacob Felix - Strada Mexic - Bulevardul Iancu de Hunedoara - Strada Doctor Iacob Felix - Șoseaua Pavel Dimitrievici Kiseleff - Bulevardul Aviatorilor - Strada Argentina - Șoseaua Nicolae Titulescu - Aleea Alexandru - Bulevardul Alexandru Ioan Cuza - Bulevardul Lascăr Catargiu",-1042895084,APPROACH,"Bulevardul Aviatorilor South Bound",ROU,false,true,"Bulevardul Aviatorilor",SOUTH,2,347.07000732421875,true,false,true,"MULTILINESTRING ((26.08602 44.45891, 26.08602 44.45686, 26.08601 44.45644), (26.08601 44.45644, 26.08601 44.45579))","CxKMzx+doRJPBwAD/oESQC8=",false,"POINT (26.08558741493485 44.45208551048745)",465.2766420173214
6800743b11220d5a035da621,"Strada Buzești - Strada Medic Constantin Caracaș - Piața Regina Ana de România - Strada Clopotarii Vechi - Strada Paris - Bulevardul Ion Mihalache - Intrarea Doctor Iacob Felix - Strada Mexic - Bulevardul Iancu de Hunedoara - Strada Doctor Iacob Felix - Șoseaua Pavel Dimitrievici Kiseleff - Bulevardul Aviatorilor - Strada Argentina - Șoseaua Nicolae Titulescu - Aleea Alexandru - Bulevardul Alexandru Ioan Cuza - Bulevardul Lascăr Catargiu",1877147528,APPROACH,"Bulevardul Aviatorilor South Bound",ROU,false,true,"Bulevardul Aviatorilor",SOUTH,7,258.8800048828125,false,false,true,"MULTILINESTRING ((26.08642 44.45793, 26.08643 44.45639), (26.08643 44.45639, 26.08639 44.4556))","CxKM5B+dUjvwBP/9/xc7AA==",false,"POINT (26.08558741493485 44.45208551048745)",465.2766420173214
6800743b11220d5a035da621,"Strada Buzești - Strada Medic Constantin Caracaș - Piața Regina Ana de România - Strada Clopotarii Vechi - Strada Paris - Bulevardul Ion Mihalache - Intrarea Doctor Iacob Felix - Strada Mexic - Bulevardul Iancu de Hunedoara - Strada Doctor Iacob Felix - Șoseaua Pavel Dimitrievici Kiseleff - Bulevardul Aviatorilor - Strada Argentina - Șoseaua Nicolae Titulescu - Aleea Alexandru - Bulevardul Alexandru Ioan Cuza - Bulevardul Lascăr Catargiu",60241608,APPROACH,"Aleea Alexandru West Bound",ROU,false,true,"Aleea Alexandru",WEST,7,204.92999267578125,false,false,true,"MULTILINESTRING ((26.08883 44.45602, 26.08856 44.45588, 26.08825 44.45576, 26.08812 44.45571, 26.08799 44.45568, 26.08785 44.45565, 26.0877 44.45563, 26.08759 44.45561, 26.08747 44.45561, 26.0872 44.45561, 26.08639 44.4556))","CxKNVB+c+Tv0A/8M/9Y7CA==",false,"POINT (26.08558741493485 44.45208551048745)",465.2766420173214
6800743b11220d5a035da621,"Strada Buzești - Strada Medic Constantin Caracaș - Piața Regina Ana de România - Strada Clopotarii Vechi - Strada Paris - Bulevardul Ion Mihalache - Intrarea Doctor Iacob Felix - Strada Mexic - Bulevardul Iancu de Hunedoara - Strada Doctor Iacob Felix - Șoseaua Pavel Dimitrievici Kiseleff - Bulevardul Aviatorilor - Strada Argentina - Șoseaua Nicolae Titulescu - Aleea Alexandru - Bulevardul Alexandru Ioan Cuza - Bulevardul Lascăr Catargiu",-255119202,APPROACH,"Strada Paris South Bound",ROU,false,true,"Strada Paris",SOUTH,6,337.5,false,false,true,"MULTILINESTRING ((26.09102 44.45692, 26.08945 44.45555), (26.08945 44.45555, 26.08933 44.45545), (26.08933 44.45545, 26.08922 44.45536), (26.08922 44.45536, 26.08886 44.45505, 26.08863 44.45481), (26.08863 44.45481, 26.08834 44.45456))","CxKNuh+dIzPTBf70/xQzAw==",false,"POINT (26.08558741493485 44.45208551048745)",465.2766420173214
6800743b11220d5a035da621,"Strada Buzești - Strada Medic Constantin Caracaș - Piața Regina Ana de România - Strada Clopotarii Vechi - Strada Paris - Bulevardul Ion Mihalache - Intrarea Doctor Iacob Felix - Strada Mexic - Bulevardul Iancu de Hunedoara - Strada Doctor Iacob Felix - Șoseaua Pavel Dimitrievici Kiseleff - Bulevardul Aviatorilor - Strada Argentina - Șoseaua Nicolae Titulescu - Aleea Alexandru - Bulevardul Alexandru Ioan Cuza - Bulevardul Lascăr Catargiu",-1071645679,APPROACH,"Strada Argentina South Bound",ROU,false,true,"Strada Argentina",SOUTH,7,199.00999450683594,true,false,true,"MULTILINESTRING ((26.08922 44.45536, 26.08927 44.45525, 26.0893 44.45508, 26.08932 44.45478), (26.08932 44.45478, 26.08941 44.45358))","CxKNZh+c2jvuAwAT/047Hw==",false,"POINT (26.08558741493485 44.45208551048745)",465.2766420173214
6800743b11220d5a035da621,"Strada Buzești - Strada Medic Constantin Caracaș - Piața Regina Ana de România - Strada Clopotarii Vechi - Strada Paris - Bulevardul Ion Mihalache - Intrarea Doctor Iacob Felix - Strada Mexic - Bulevardul Iancu de Hunedoara - Strada Doctor Iacob Felix - Șoseaua Pavel Dimitrievici Kiseleff - Bulevardul Aviatorilor - Strada Argentina - Șoseaua Nicolae Titulescu - Aleea Alexandru - Bulevardul Alexandru Ioan Cuza - Bulevardul Lascăr Catargiu",1537688405,APPROACH,"Strada Mexic South Bound",ROU,false,true,"Strada Mexic",SOUTH,7,180.86000061035156,false,false,true,"MULTILINESTRING ((26.09124 44.45394, 26.0907 44.45386, 26.09028 44.45377, 26.09014 44.45373, 26.09011 44.45372, 26.09008 44.45368, 26.09005 44.45363, 26.08996 44.45338, 26.08999 44.45317), (26.08999 44.45317, 26.09004 44.45295))","CxKNxB+cmDv2A/+I/507Hw==",false,"POINT (26.08558741493485 44.45208551048745)",465.2766420173214
6800743b11220d5a035da621,"Strada Buzești - Strada Medic Constantin Caracaș - Piața Regina Ana de România - Strada Clopotarii Vechi - Strada Paris - Bulevardul Ion Mihalache - Intrarea Doctor Iacob Felix - Strada Mexic - Bulevardul Iancu de Hunedoara - Strada Doctor Iacob Felix - Șoseaua Pavel Dimitrievici Kiseleff - Bulevardul Aviatorilor - Strada Argentina - Șoseaua Nicolae Titulescu - Aleea Alexandru - Bulevardul Alexandru Ioan Cuza - Bulevardul Lascăr Catargiu",880992861,APPROACH," West Bound",ROU,false,true,"Unnamed road",WEST,7,280.3800048828125,false,false,true,"MULTILINESTRING ((26.09171 44.45305, 26.09083 44.45298, 26.09078 44.45299, 26.09075 44.45302, 26.09073 44.45326, 26.09076 44.45343, 26.09076 44.45349, 26.09073 44.45354, 26.09067 44.45357, 26.09061 44.45358, 26.09053 44.45358, 26.09049 44.45356, 26.09046 44.45354, 26.09045 44.45346, 26.09048 44.45332, 26.0905 44.45305), (26.0905 44.45305, 26.09055 44.45291, 26.09054 44.45289, 26.09051 44.45288, 26.09048 44.45287, 26.09045 44.45288, 26.09037 44.45296, 26.09034 44.45298, 26.09024 44.45298, 26.09004 44.45295))","CxKN2h+cbzv3BP9Z//Y7Bw==",false,"POINT (26.08558741493485 44.45208551048745)",465.2766420173214
6800743b11220d5a035da621,"Strada Buzești - Strada Medic Constantin Caracaș - Piața Regina Ana de România - Strada Clopotarii Vechi - Strada Paris - Bulevardul Ion Mihalache - Intrarea Doctor Iacob Felix - Strada Mexic - Bulevardul Iancu de Hunedoara - Strada Doctor Iacob Felix - Șoseaua Pavel Dimitrievici Kiseleff - Bulevardul Aviatorilor - Strada Argentina - Șoseaua Nicolae Titulescu - Aleea Alexandru - Bulevardul Alexandru Ioan Cuza - Bulevardul Lascăr Catargiu",145270064,APPROACH,"Bulevardul Iancu de Hunedoara West Bound",ROU,false,true,"Bulevardul Iancu de Hunedoara",WEST,2,239.25,true,false,true,"MULTILINESTRING ((26.09319 44.45274, 26.09288 44.45271, 26.09265 44.4527), (26.09265 44.4527, 26.09214 44.45266, 26.09177 44.45262), (26.09177 44.45262, 26.0915 44.4526, 26.091 44.45256, 26.09057 44.45252), (26.09057 44.45252, 26.09032 44.45249), (26.09032 44.45249, 26.0902 44.45248))","CxKOHx+cYBJXBP7V/+YSBw==",false,"POINT (26.08558741493485 44.45208551048745)",465.2766420173214
6800743b11220d5a035da621,"Strada Buzești - Strada Medic Constantin Caracaș - Piața Regina Ana de România - Strada Clopotarii Vechi - Strada Paris - Bulevardul Ion Mihalache - Intrarea Doctor Iacob Felix - Strada Mexic - Bulevardul Iancu de Hunedoara - Strada Doctor Iacob Felix - Șoseaua Pavel Dimitrievici Kiseleff - Bulevardul Aviatorilor - Strada Argentina - Șoseaua Nicolae Titulescu - Aleea Alexandru - Bulevardul Alexandru Ioan Cuza - Bulevardul Lascăr Catargiu",-1597492084,APPROACH,"Strada Clopotarii Vechi South Bound",ROU,false,true,"Strada Clopotarii Vechi",SOUTH,7,172.66000366210938,false,false,true,"MULTILINESTRING ((26.09186 44.4522, 26.09174 44.45222, 26.09163 44.45221, 26.09071 44.45214, 26.09064 44.45213, 26.0906 44.45212, 26.09058 44.45209, 26.09058 44.45203, 26.09064 44.45148))","CxKN4R+cRzv4Av+G/7g7Hw==",false,"POINT (26.08558741493485 44.45208551048745)",465.2766420173214
6800743b11220d5a035da621,"Strada Buzești - Strada Medic Constantin Caracaș - Piața Regina Ana de România - Strada Clopotarii Vechi - Strada Paris - Bulevardul Ion Mihalache - Intrarea Doctor Iacob Felix - Strada Mexic - Bulevardul Iancu de Hunedoara - Strada Doctor Iacob Felix - Șoseaua Pavel Dimitrievici Kiseleff - Bulevardul Aviatorilor - Strada Argentina - Șoseaua Nicolae Titulescu - Aleea Alexandru - Bulevardul Alexandru Ioan Cuza - Bulevardul Lascăr Catargiu",1274388454,APPROACH," South Bound",ROU,false,true,"Unnamed road",SOUTH,7,150.58999633789062,false,false,true,"MULTILINESTRING ((26.09219 44.45175, 26.09215 44.45174, 26.0921 44.45172, 26.09191 44.45159, 26.09179 44.45157, 26.09168 44.45156, 26.09157 44.45156), (26.09157 44.45156, 26.09153 44.45178, 26.09151 44.45181, 26.09146 44.45182, 26.09116 44.45179, 26.09111 44.45178, 26.09107 44.45176, 26.09106 44.45172, 26.09108 44.45149))","CxKN8R+cMjv0Av+R/+Y7Hw==",false,"POINT (26.08558741493485 44.45208551048745)",465.2766420173214
6800743b11220d5a035da621,"Strada Buzești - Strada Medic Constantin Caracaș - Piața Regina Ana de România - Strada Clopotarii Vechi - Strada Paris - Bulevardul Ion Mihalache - Intrarea Doctor Iacob Felix - Strada Mexic - Bulevardul Iancu de Hunedoara - Strada Doctor Iacob Felix - Șoseaua Pavel Dimitrievici Kiseleff - Bulevardul Aviatorilor - Strada Argentina - Șoseaua Nicolae Titulescu - Aleea Alexandru - Bulevardul Alexandru Ioan Cuza - Bulevardul Lascăr Catargiu",-1730567285,APPROACH," West Bound",ROU,false,true,"Unnamed road",WEST,7,177.02999877929688,false,false,true,"MULTILINESTRING ((26.09315 44.45191, 26.09312 44.45187, 26.09305 44.45184, 26.09295 44.45181, 26.09251 44.45178), (26.09251 44.45178, 26.09239 44.45176, 26.09227 44.45175, 26.09219 44.45175), (26.09219 44.45175, 26.09215 44.45174, 26.0921 44.45172, 26.09191 44.45159, 26.09179 44.45157, 26.09168 44.45156, 26.09157 44.45156), (26.09157 44.45156, 26.09148 44.45155, 26.09135 44.45153, 26.09108 44.45149))","CxKOHR+cOjv0A/8x/9Y7Bg==",false,"POINT (26.08558741493485 44.45208551048745)",465.2766420173214
6800743b11220d5a035da621,"Strada Buzești - Strada Medic Constantin Caracaș - Piața Regina Ana de România - Strada Clopotarii Vechi - Strada Paris - Bulevardul Ion Mihalache - Intrarea Doctor Iacob Felix - Strada Mexic - Bulevardul Iancu de Hunedoara - Strada Doctor Iacob Felix - Șoseaua Pavel Dimitrievici Kiseleff - Bulevardul Aviatorilor - Strada Argentina - Șoseaua Nicolae Titulescu - Aleea Alexandru - Bulevardul Alexandru Ioan Cuza - Bulevardul Lascăr Catargiu",-1187825648,APPROACH,"Strada Clopotarii Vechi North Bound",ROU,false,true,"Strada Clopotarii Vechi",NORTH,7,162.3000030517578,true,false,true,"MULTILINESTRING ((26.09189 44.44948, 26.09147 44.4497, 26.09132 44.44977), (26.09132 44.44977, 26.09121 44.45003, 26.09113 44.45022), (26.09113 44.45022, 26.09106 44.45034, 26.09077 44.45063))","CxKN4x+byBL7Av+QAHM7DA==",false,"POINT (26.08558741493485 44.45208551048745)",465.2766420173214
6800743b11220d5a035da621,"Strada Buzești - Strada Medic Constantin Caracaș - Piața Regina Ana de România - Strada Clopotarii Vechi - Strada Paris - Bulevardul Ion Mihalache - Intrarea Doctor Iacob Felix - Strada Mexic - Bulevardul Iancu de Hunedoara - Strada Doctor Iacob Felix - Șoseaua Pavel Dimitrievici Kiseleff - Bulevardul Aviatorilor - Strada Argentina - Șoseaua Nicolae Titulescu - Aleea Alexandru - Bulevardul Alexandru Ioan Cuza - Bulevardul Lascăr Catargiu",-121630253,APPROACH,"Bulevardul Lascăr Catargiu West Bound",ROU,false,true,"Bulevardul Lascăr Catargiu",WEST,2,221.7100067138672,true,false,true,"MULTILINESTRING ((26.09132 44.44977, 26.09101 44.44992), (26.09101 44.44992, 26.09067 44.45009), (26.09067 44.45009, 26.09063 44.45012, 26.08937 44.45075, 26.0892 44.45083, 26.08903 44.45091))","CxKNyB+b1hJaA/8bAHISCg==",false,"POINT (26.08558741493485 44.45208551048745)",465.2766420173214
6800743b11220d5a035da621,"Strada Buzești - Strada Medic Constantin Caracaș - Piața Regina Ana de România - Strada Clopotarii Vechi - Strada Paris - Bulevardul Ion Mihalache - Intrarea Doctor Iacob Felix - Strada Mexic - Bulevardul Iancu de Hunedoara - Strada Doctor Iacob Felix - Șoseaua Pavel Dimitrievici Kiseleff - Bulevardul Aviatorilor - Strada Argentina - Șoseaua Nicolae Titulescu - Aleea Alexandru - Bulevardul Alexandru Ioan Cuza - Bulevardul Lascăr Catargiu",-907774907,APPROACH,"Strada Buzești North Bound",ROU,false,true,"Strada Buzești",NORTH,3,218.02999877929688,true,false,true,"MULTILINESTRING ((26.08213 44.44714, 26.08224 44.4474, 26.08228 44.44747, 26.08241 44.44773, 26.08251 44.44791), (26.08251 44.44791, 26.08271 44.44833), (26.08271 44.44833, 26.08278 44.44846, 26.08282 44.44856), (26.08282 44.44856, 26.08305 44.44899))","CxKMHB+bWxphAwBcALkaEQ==",false,"POINT (26.08558741493485 44.45208551048745)",465.2766420173214
6800743b11220d5a035da621,"Strada Buzești - Strada Medic Constantin Caracaș - Piața Regina Ana de România - Strada Clopotarii Vechi - Strada Paris - Bulevardul Ion Mihalache - Intrarea Doctor Iacob Felix - Strada Mexic - Bulevardul Iancu de Hunedoara - Strada Doctor Iacob Felix - Șoseaua Pavel Dimitrievici Kiseleff - Bulevardul Aviatorilor - Strada Argentina - Șoseaua Nicolae Titulescu - Aleea Alexandru - Bulevardul Alexandru Ioan Cuza - Bulevardul Lascăr Catargiu",1538642990,APPROACH,"Strada Doctor Iacob Felix North Bound",ROU,false,true,"Strada Doctor Iacob Felix",NORTH,7,155.61000061035156,true,false,true,"MULTILINESTRING ((26.08235 44.44796, 26.08218 44.44801, 26.08201 44.44803, 26.08196 44.44804), (26.08196 44.44804, 26.08191 44.44805, 26.08176 44.44805), (26.08176 44.44805, 26.08174 44.44819, 26.08173 44.44842, 26.0817 44.44861, 26.08167 44.44883, 26.08166 44.44893, 26.08166 44.44902))","CxKMJh+bghv5Av+7AGo7Dw==",false,"POINT (26.08558741493485 44.45208551048745)",465.2766420173214
6800743b11220d5a035da621,"Strada Buzești - Strada Medic Constantin Caracaș - Piața Regina Ana de România - Strada Clopotarii Vechi - Strada Paris - Bulevardul Ion Mihalache - Intrarea Doctor Iacob Felix - Strada Mexic - Bulevardul Iancu de Hunedoara - Strada Doctor Iacob Felix - Șoseaua Pavel Dimitrievici Kiseleff - Bulevardul Aviatorilor - Strada Argentina - Șoseaua Nicolae Titulescu - Aleea Alexandru - Bulevardul Alexandru Ioan Cuza - Bulevardul Lascăr Catargiu",-1602284578,APPROACH,"Bulevardul Alexandru Ioan Cuza East Bound",ROU,false,true,"Bulevardul Alexandru Ioan Cuza",EAST,5,253.30999755859375,false,false,true,"MULTILINESTRING ((26.07874 44.44993, 26.07935 44.44972), (26.07935 44.44972, 26.08014 44.44946), (26.08014 44.44946, 26.08073 44.44928), (26.08073 44.44928, 26.08087 44.44923), (26.08087 44.44923, 26.08107 44.44917), (26.08107 44.44917, 26.08135 44.44909, 26.08166 44.44902))","CxKLfh+b3SuqBAEk/6UrGQ==",false,"POINT (26.08558741493485 44.45208551048745)",465.2766420173214
6800743b11220d5a035da621,"Strada Buzești - Strada Medic Constantin Caracaș - Piața Regina Ana de România - Strada Clopotarii Vechi - Strada Paris - Bulevardul Ion Mihalache - Intrarea Doctor Iacob Felix - Strada Mexic - Bulevardul Iancu de Hunedoara - Strada Doctor Iacob Felix - Șoseaua Pavel Dimitrievici Kiseleff - Bulevardul Aviatorilor - Strada Argentina - Șoseaua Nicolae Titulescu - Aleea Alexandru - Bulevardul Alexandru Ioan Cuza - Bulevardul Lascăr Catargiu",351295367,APPROACH," East Bound",ROU,false,true,"Unnamed road",EAST,7,220.10000610351562,false,false,true,"MULTILINESTRING ((26.07874 44.44993, 26.07935 44.44972), (26.07935 44.44972, 26.08014 44.44946), (26.08014 44.44946, 26.08073 44.44928), (26.08073 44.44928, 26.08088 44.44944), (26.08088 44.44944, 26.08096 44.4495, 26.08103 44.44953, 26.08113 44.44955))","CxKLfh+b3SvqAwDv/9o/FQ==",false,"POINT (26.08558741493485 44.45208551048745)",465.2766420173214
6800743b11220d5a035da621,"Strada Buzești - Strada Medic Constantin Caracaș - Piața Regina Ana de România - Strada Clopotarii Vechi - Strada Paris - Bulevardul Ion Mihalache - Intrarea Doctor Iacob Felix - Strada Mexic - Bulevardul Iancu de Hunedoara - Strada Doctor Iacob Felix - Șoseaua Pavel Dimitrievici Kiseleff - Bulevardul Aviatorilor - Strada Argentina - Șoseaua Nicolae Titulescu - Aleea Alexandru - Bulevardul Alexandru Ioan Cuza - Bulevardul Lascăr Catargiu",-2123692267,APPROACH,"Intrarea Doctor Iacob Felix East Bound",ROU,false,true,"Intrarea Doctor Iacob Felix",EAST,7,253.9600067138672,true,false,true,"MULTILINESTRING ((26.07821 44.45115, 26.07893 44.4513), (26.07893 44.4513, 26.0792 44.45052), (26.0792 44.45052, 26.07951 44.45056), (26.07951 44.45056, 26.0805 44.45068))","CxKLZR+cFjvmBADl/9E7Fw==",false,"POINT (26.08558741493485 44.45208551048745)",465.2766420173214
6800743b11220d5a035da621,"Strada Buzești - Strada Medic Constantin Caracaș - Piața Regina Ana de România - Strada Clopotarii Vechi - Strada Paris - Bulevardul Ion Mihalache - Intrarea Doctor Iacob Felix - Strada Mexic - Bulevardul Iancu de Hunedoara - Strada Doctor Iacob Felix - Șoseaua Pavel Dimitrievici Kiseleff - Bulevardul Aviatorilor - Strada Argentina - Șoseaua Nicolae Titulescu - Aleea Alexandru - Bulevardul Alexandru Ioan Cuza - Bulevardul Lascăr Catargiu",-126050620,APPROACH,"Șoseaua Nicolae Titulescu East Bound",ROU,false,true,"Șoseaua Nicolae Titulescu",EAST,7,201.9199981689453,false,false,true,"MULTILINESTRING ((26.08019 44.45202, 26.08018 44.45178), (26.08018 44.45178, 26.08002 44.45177), (26.08002 44.45177, 26.0799 44.45176, 26.07981 44.45176), (26.07981 44.45176, 26.07981 44.45149), (26.07981 44.45149, 26.0797 44.45148, 26.07959 44.45145, 26.07954 44.45142, 26.07951 44.45139, 26.07948 44.45136, 26.07947 44.45125), (26.07947 44.45125, 26.08039 44.45124))","CxKLwh+cPzvwAwAU/7I7GA==",false,"POINT (26.08558741493485 44.45208551048745)",465.2766420173214
6800743b11220d5a035da621,"Strada Buzești - Strada Medic Constantin Caracaș - Piața Regina Ana de România - Strada Clopotarii Vechi - Strada Paris - Bulevardul Ion Mihalache - Intrarea Doctor Iacob Felix - Strada Mexic - Bulevardul Iancu de Hunedoara - Strada Doctor Iacob Felix - Șoseaua Pavel Dimitrievici Kiseleff - Bulevardul Aviatorilor - Strada Argentina - Șoseaua Nicolae Titulescu - Aleea Alexandru - Bulevardul Alexandru Ioan Cuza - Bulevardul Lascăr Catargiu",-169819262,APPROACH,"Strada Doctor Iacob Felix East Bound",ROU,false,true,"Strada Doctor Iacob Felix",EAST,7,48.959999084472656,false,false,true,"MULTILINESTRING ((26.07919 44.45174, 26.0793 44.45175, 26.07981 44.45176))","CxKLkx+cMjvnAAA+AAI7GA==",false,"POINT (26.08558741493485 44.45208551048745)",465.2766420173214
6800743b11220d5a035da621,"Strada Buzești - Strada Medic Constantin Caracaș - Piața Regina Ana de România - Strada Clopotarii Vechi - Strada Paris - Bulevardul Ion Mihalache - Intrarea Doctor Iacob Felix - Strada Mexic - Bulevardul Iancu de Hunedoara - Strada Doctor Iacob Felix - Șoseaua Pavel Dimitrievici Kiseleff - Bulevardul Aviatorilor - Strada Argentina - Șoseaua Nicolae Titulescu - Aleea Alexandru - Bulevardul Alexandru Ioan Cuza - Bulevardul Lascăr Catargiu",854840755,APPROACH,"Șoseaua Nicolae Titulescu East Bound",ROU,false,true,"Șoseaua Nicolae Titulescu",EAST,2,172.05999755859375,true,false,true,"MULTILINESTRING ((26.07802 44.45201, 26.07895 44.45202), (26.07895 44.45202, 26.07956 44.45202, 26.08019 44.45202))","CxKLXB+cPhJIAgDZAAESGA==",false,"POINT (26.08558741493485 44.45208551048745)",465.2766420173214
6800743b11220d5a035da621,"Strada Buzești - Strada Medic Constantin Caracaș - Piața Regina Ana de România - Strada Clopotarii Vechi - Strada Paris - Bulevardul Ion Mihalache - Intrarea Doctor Iacob Felix - Strada Mexic - Bulevardul Iancu de Hunedoara - Strada Doctor Iacob Felix - Șoseaua Pavel Dimitrievici Kiseleff - Bulevardul Aviatorilor - Strada Argentina - Șoseaua Nicolae Titulescu - Aleea Alexandru - Bulevardul Alexandru Ioan Cuza - Bulevardul Lascăr Catargiu",-905435322,APPROACH," East Bound",ROU,false,true,"Unnamed road",EAST,7,264.9800109863281,false,false,true,"MULTILINESTRING ((26.0768 44.45262, 26.07689 44.45259, 26.07705 44.45259, 26.07719 44.4526, 26.07729 44.45262, 26.07769 44.45273, 26.07781 44.45275, 26.07791 44.45275, 26.07798 44.45274, 26.07804 44.45271, 26.07806 44.45263, 26.07812 44.45257, 26.0782 44.45254, 26.07843 44.45251), (26.07843 44.45251, 26.0785 44.4525, 26.07896 44.45248), (26.07896 44.45248, 26.07925 44.45254, 26.0799 44.45259))","CxKLJB+cWzvoBAE2//07Fw==",false,"POINT (26.08558741493485 44.45208551048745)",465.2766420173214
6800743b11220d5a035da621,"Strada Buzești - Strada Medic Constantin Caracaș - Piața Regina Ana de România - Strada Clopotarii Vechi - Strada Paris - Bulevardul Ion Mihalache - Intrarea Doctor Iacob Felix - Strada Mexic - Bulevardul Iancu de Hunedoara - Strada Doctor Iacob Felix - Șoseaua Pavel Dimitrievici Kiseleff - Bulevardul Aviatorilor - Strada Argentina - Șoseaua Nicolae Titulescu - Aleea Alexandru - Bulevardul Alexandru Ioan Cuza - Bulevardul Lascăr Catargiu",-724941245,APPROACH,"Strada Medic Constantin Caracaș East Bound",ROU,false,true,"Strada Medic Constantin Caracaș",EAST,7,161.77999877929688,false,false,true,"MULTILINESTRING ((26.07841 44.4537, 26.07913 44.45372), (26.07913 44.45372, 26.07965 44.45371), (26.07965 44.45371, 26.08035 44.45375, 26.08044 44.45376))","CxKLbx+cjTvnAgDLAAY7Fw==",false,"POINT (26.08558741493485 44.45208551048745)",465.2766420173214
6800743b11220d5a035da621,"Strada Buzești - Strada Medic Constantin Caracaș - Piața Regina Ana de România - Strada Clopotarii Vechi - Strada Paris - Bulevardul Ion Mihalache - Intrarea Doctor Iacob Felix - Strada Mexic - Bulevardul Iancu de Hunedoara - Strada Doctor Iacob Felix - Șoseaua Pavel Dimitrievici Kiseleff - Bulevardul Aviatorilor - Strada Argentina - Șoseaua Nicolae Titulescu - Aleea Alexandru - Bulevardul Alexandru Ioan Cuza - Bulevardul Lascăr Catargiu",-1376818555,APPROACH,"Strada Doctor Iacob Felix South Bound",ROU,false,true,"Strada Doctor Iacob Felix",SOUTH,7,193.92999267578125,false,false,true,"MULTILINESTRING ((26.08013 44.45549, 26.08014 44.45546), (26.08014 44.45546, 26.0802 44.45515, 26.08024 44.45492), (26.08024 44.45492, 26.08028 44.45475, 26.08031 44.45455, 26.08034 44.45428), (26.08034 44.45428, 26.08035 44.45422, 26.08038 44.45411), (26.08038 44.45411, 26.08042 44.45391, 26.08044 44.45376))","CxKLvx+c4TvuAwAf/1M7Hw==",false,"POINT (26.08558741493485 44.45208551048745)",465.2766420173214
6800743b11220d5a035da621,"Strada Buzești - Strada Medic Constantin Caracaș - Piața Regina Ana de România - Strada Clopotarii Vechi - Strada Paris - Bulevardul Ion Mihalache - Intrarea Doctor Iacob Felix - Strada Mexic - Bulevardul Iancu de Hunedoara - Strada Doctor Iacob Felix - Șoseaua Pavel Dimitrievici Kiseleff - Bulevardul Aviatorilor - Strada Argentina - Șoseaua Nicolae Titulescu - Aleea Alexandru - Bulevardul Alexandru Ioan Cuza - Bulevardul Lascăr Catargiu",1708293353,APPROACH,"Bulevardul Ion Mihalache South Bound",ROU,false,true,"Bulevardul Ion Mihalache",SOUTH,3,221.13999938964844,true,false,true,"MULTILINESTRING ((26.08045 44.45567, 26.08102 44.4552), (26.08102 44.4552, 26.08134 44.45491, 26.08157 44.4547), (26.08157 44.4547, 26.08173 44.45456, 26.08198 44.45433, 26.0821 44.45423, 26.08221 44.45413))","CxKLzh+c6RpsAwCw/2YaHA==",false,"POINT (26.08558741493485 44.45208551048745)",465.2766420173214
6800743b11220d5a035da621,"Strada Buzești - Strada Medic Constantin Caracaș - Piața Regina Ana de România - Strada Clopotarii Vechi - Strada Paris - Bulevardul Ion Mihalache - Intrarea Doctor Iacob Felix - Strada Mexic - Bulevardul Iancu de Hunedoara - Strada Doctor Iacob Felix - Șoseaua Pavel Dimitrievici Kiseleff - Bulevardul Aviatorilor - Strada Argentina - Șoseaua Nicolae Titulescu - Aleea Alexandru - Bulevardul Alexandru Ioan Cuza - Bulevardul Lascăr Catargiu",1397009346,APPROACH,"Piața Regina Ana de România East Bound",ROU,false,true,"Piața Regina Ana de România",EAST,7,238.22000122070312,true,false,true,"MULTILINESTRING ((26.08277 44.45787, 26.08294 44.45753, 26.08309 44.45722, 26.08315 44.45711), (26.08315 44.45711, 26.08334 44.45674, 26.08345 44.45653), (26.08345 44.45653, 26.0835 44.45644), (26.0835 44.45644, 26.08338 44.45635, 26.08335 44.45633), (26.08335 44.45633, 26.0833 44.45629, 26.08328 44.45625, 26.08327 44.45618, 26.08331 44.45607, 26.08334 44.45603, 26.08337 44.456, 26.08342 44.45598, 26.08346 44.45597, 26.08351 44.45597))","CxKMIh+dfxPuBgB8/t0/WlU=",false,"POINT (26.08558741493485 44.45208551048745)",465.2766420173214
6800743b11220d5a035da621,"Strada Buzești - Strada Medic Constantin Caracaș - Piața Regina Ana de România - Strada Clopotarii Vechi - Strada Paris - Bulevardul Ion Mihalache - Intrarea Doctor Iacob Felix - Strada Mexic - Bulevardul Iancu de Hunedoara - Strada Doctor Iacob Felix - Șoseaua Pavel Dimitrievici Kiseleff - Bulevardul Aviatorilor - Strada Argentina - Șoseaua Nicolae Titulescu - Aleea Alexandru - Bulevardul Alexandru Ioan Cuza - Bulevardul Lascăr Catargiu",-2019703491,APPROACH,"Piața Regina Ana de România South Bound",ROU,false,true,"Piața Regina Ana de România",SOUTH,7,227.94000244140625,true,false,true,"MULTILINESTRING ((26.08277 44.45787, 26.08294 44.45753, 26.08309 44.45722, 26.08315 44.45711), (26.08315 44.45711, 26.08334 44.45674, 26.08345 44.45653), (26.08345 44.45653, 26.0835 44.45644), (26.0835 44.45644, 26.08338 44.45635, 26.08335 44.45633), (26.08335 44.45633, 26.08351 44.45597))","CxKMIh+dfxPuBQB8/t0/Xlc=",false,"POINT (26.08558741493485 44.45208551048745)",465.2766420173214
6800743b11220d5a035da621,"Strada Buzești - Strada Medic Constantin Caracaș - Piața Regina Ana de România - Strada Clopotarii Vechi - Strada Paris - Bulevardul Ion Mihalache - Intrarea Doctor Iacob Felix - Strada Mexic - Bulevardul Iancu de Hunedoara - Strada Doctor Iacob Felix - Șoseaua Pavel Dimitrievici Kiseleff - Bulevardul Aviatorilor - Strada Argentina - Șoseaua Nicolae Titulescu - Aleea Alexandru - Bulevardul Alexandru Ioan Cuza - Bulevardul Lascăr Catargiu",984027626,APPROACH,"Șoseaua Pavel Dimitrievici Kiseleff South Bound",ROU,false,true,"Șoseaua Pavel Dimitrievici Kiseleff",SOUTH,2,216.0800018310547,true,false,true,"MULTILINESTRING ((26.08277 44.45787, 26.08294 44.45753, 26.08309 44.45722, 26.08315 44.45711), (26.08315 44.45711, 26.08334 44.45674, 26.08345 44.45653), (26.08345 44.45653, 26.0835 44.45644), (26.0835 44.45644, 26.08366 44.45613, 26.08371 44.45604))","CxKMIh+dfxNOBQCQ/uQTXlo=",false,"POINT (26.08558741493485 44.45208551048745)",465.2766420173214
6800743b11220d5a035da621,"Strada Buzești - Strada Medic Constantin Caracaș - Piața Regina Ana de România - Strada Clopotarii Vechi - Strada Paris - Bulevardul Ion Mihalache - Intrarea Doctor Iacob Felix - Strada Mexic - Bulevardul Iancu de Hunedoara - Strada Doctor Iacob Felix - Șoseaua Pavel Dimitrievici Kiseleff - Bulevardul Aviatorilor - Strada Argentina - Șoseaua Nicolae Titulescu - Aleea Alexandru - Bulevardul Alexandru Ioan Cuza - Bulevardul Lascăr Catargiu",885468416,APPROACH,"Piața Regina Ana de România South Bound",ROU,false,true,"Piața Regina Ana de România",SOUTH,7,258.0299987792969,true,false,true,"MULTILINESTRING ((26.08277 44.45787, 26.08294 44.45753, 26.08309 44.45722, 26.08315 44.45711), (26.08315 44.45711, 26.08334 44.45674, 26.08345 44.45653), (26.08345 44.45653, 26.0835 44.45644), (26.0835 44.45644, 26.08361 44.45647, 26.08375 44.45645, 26.0838 44.45643, 26.08384 44.4564, 26.0839 44.45634, 26.08394 44.45629, 26.08396 44.45622, 26.08395 44.45616, 26.08391 44.45609, 26.08378 44.45593))","CxKMIh+dfxPuBgCX/tk/QlA=",false,"POINT (26.08558741493485 44.45208551048745)",465.2766420173214
6800743b11220d5a035da621,"Strada Buzești - Strada Medic Constantin Caracaș - Piața Regina Ana de România - Strada Clopotarii Vechi - Strada Paris - Bulevardul Ion Mihalache - Intrarea Doctor Iacob Felix - Strada Mexic - Bulevardul Iancu de Hunedoara - Strada Doctor Iacob Felix - Șoseaua Pavel Dimitrievici Kiseleff - Bulevardul Aviatorilor - Strada Argentina - Șoseaua Nicolae Titulescu - Aleea Alexandru - Bulevardul Alexandru Ioan Cuza - Bulevardul Lascăr Catargiu",-1396817521,EXIT,"Bulevardul Aviatorilor North Bound",ROU,false,true,"Bulevardul Aviatorilor",NORTH,2,,true,,true,"MULTILINESTRING ((26.08614 44.45561, 26.08614 44.45639))","CxKM1x+c5hJAAQAAAE4SEA==",,"POINT (26.08558741493485 44.45208551048745)",465.2766420173214
6800743b11220d5a035da621,"Strada Buzești - Strada Medic Constantin Caracaș - Piața Regina Ana de România - Strada Clopotarii Vechi - Strada Paris - Bulevardul Ion Mihalache - Intrarea Doctor Iacob Felix - Strada Mexic - Bulevardul Iancu de Hunedoara - Strada Doctor Iacob Felix - Șoseaua Pavel Dimitrievici Kiseleff - Bulevardul Aviatorilor - Strada Argentina - Șoseaua Nicolae Titulescu - Aleea Alexandru - Bulevardul Alexandru Ioan Cuza - Bulevardul Lascăr Catargiu",-861886468,EXIT,"Bulevardul Aviatorilor North Bound",ROU,false,true,"Bulevardul Aviatorilor",NORTH,7,,false,,true,"MULTILINESTRING ((26.08639 44.4556, 26.08643 44.45639))","CxKM4h+c5jvgAQAEAE87EA==",,"POINT (26.08558741493485 44.45208551048745)",465.2766420173214
6800743b11220d5a035da621,"Strada Buzești - Strada Medic Constantin Caracaș - Piața Regina Ana de România - Strada Clopotarii Vechi - Strada Paris - Bulevardul Ion Mihalache - Intrarea Doctor Iacob Felix - Strada Mexic - Bulevardul Iancu de Hunedoara - Strada Doctor Iacob Felix - Șoseaua Pavel Dimitrievici Kiseleff - Bulevardul Aviatorilor - Strada Argentina - Șoseaua Nicolae Titulescu - Aleea Alexandru - Bulevardul Alexandru Ioan Cuza - Bulevardul Lascăr Catargiu",33105144,EXIT,"Aleea Alexandru East Bound",ROU,false,true,"Aleea Alexandru",EAST,7,,false,,true,"MULTILINESTRING ((26.08639 44.4556, 26.0872 44.45561, 26.08747 44.45561, 26.08759 44.45561, 26.0877 44.45563, 26.08785 44.45565, 26.08799 44.45568, 26.08812 44.45571, 26.08825 44.45576, 26.08856 44.45588, 26.08883 44.45602))","CxKM4h+c5jvoAwD0ACo7FA==",,"POINT (26.08558741493485 44.45208551048745)",465.2766420173214
6800743b11220d5a035da621,"Strada Buzești - Strada Medic Constantin Caracaș - Piața Regina Ana de România - Strada Clopotarii Vechi - Strada Paris - Bulevardul Ion Mihalache - Intrarea Doctor Iacob Felix - Strada Mexic - Bulevardul Iancu de Hunedoara - Strada Doctor Iacob Felix - Șoseaua Pavel Dimitrievici Kiseleff - Bulevardul Aviatorilor - Strada Argentina - Șoseaua Nicolae Titulescu - Aleea Alexandru - Bulevardul Alexandru Ioan Cuza - Bulevardul Lascăr Catargiu",441249815,EXIT,"Strada Paris North Bound",ROU,false,true,"Strada Paris",NORTH,6,,false,,true,"MULTILINESTRING ((26.08863 44.45481, 26.08886 44.45505, 26.08922 44.45536))","CxKNSx+cwTPCAQA7ADczEw==",,"POINT (26.08558741493485 44.45208551048745)",465.2766420173214
6800743b11220d5a035da621,"Strada Buzești - Strada Medic Constantin Caracaș - Piața Regina Ana de România - Strada Clopotarii Vechi - Strada Paris - Bulevardul Ion Mihalache - Intrarea Doctor Iacob Felix - Strada Mexic - Bulevardul Iancu de Hunedoara - Strada Doctor Iacob Felix - Șoseaua Pavel Dimitrievici Kiseleff - Bulevardul Aviatorilor - Strada Argentina - Șoseaua Nicolae Titulescu - Aleea Alexandru - Bulevardul Alexandru Ioan Cuza - Bulevardul Lascăr Catargiu",1685639425,EXIT,"Strada Mexic North Bound",ROU,false,true,"Strada Mexic",NORTH,7,,false,,true,"MULTILINESTRING ((26.09004 44.45295, 26.08999 44.45317))","CxKNjR+cajv/AwB4AGM7Nt4=",,"POINT (26.08558741493485 44.45208551048745)",465.2766420173214
6800743b11220d5a035da621,"Strada Buzești - Strada Medic Constantin Caracaș - Piața Regina Ana de România - Strada Clopotarii Vechi - Strada Paris - Bulevardul Ion Mihalache - Intrarea Doctor Iacob Felix - Strada Mexic - Bulevardul Iancu de Hunedoara - Strada Doctor Iacob Felix - Șoseaua Pavel Dimitrievici Kiseleff - Bulevardul Aviatorilor - Strada Argentina - Șoseaua Nicolae Titulescu - Aleea Alexandru - Bulevardul Alexandru Ioan Cuza - Bulevardul Lascăr Catargiu",1049917089,EXIT," North Bound",ROU,false,true,"Unnamed road",NORTH,7,,false,,true,"MULTILINESTRING ((26.09004 44.45295, 26.09024 44.45298, 26.09034 44.45298, 26.09037 44.45296, 26.09045 44.45288, 26.09048 44.45287, 26.09051 44.45288, 26.09054 44.45289, 26.09055 44.45291, 26.0905 44.45305))","CxKNjR+cajvnBACnAAo7N8Q=",,"POINT (26.08558741493485 44.45208551048745)",465.2766420173214
6800743b11220d5a035da621,"Strada Buzești - Strada Medic Constantin Caracaș - Piața Regina Ana de România - Strada Clopotarii Vechi - Strada Paris - Bulevardul Ion Mihalache - Intrarea Doctor Iacob Felix - Strada Mexic - Bulevardul Iancu de Hunedoara - Strada Doctor Iacob Felix - Șoseaua Pavel Dimitrievici Kiseleff - Bulevardul Aviatorilor - Strada Argentina - Șoseaua Nicolae Titulescu - Aleea Alexandru - Bulevardul Alexandru Ioan Cuza - Bulevardul Lascăr Catargiu",124585805,EXIT,"Bulevardul Iancu de Hunedoara East Bound",ROU,false,true,"Bulevardul Iancu de Hunedoara",EAST,2,,true,,true,"MULTILINESTRING ((26.09034 44.45235, 26.09177 44.45247))","CxKNmx+cThJHAwDoABQSN2E=",,"POINT (26.08558741493485 44.45208551048745)",465.2766420173214
6800743b11220d5a035da621,"Strada Buzești - Strada Medic Constantin Caracaș - Piața Regina Ana de România - Strada Clopotarii Vechi - Strada Paris - Bulevardul Ion Mihalache - Intrarea Doctor Iacob Felix - Strada Mexic - Bulevardul Iancu de Hunedoara - Strada Doctor Iacob Felix - Șoseaua Pavel Dimitrievici Kiseleff - Bulevardul Aviatorilor - Strada Argentina - Șoseaua Nicolae Titulescu - Aleea Alexandru - Bulevardul Alexandru Ioan Cuza - Bulevardul Lascăr Catargiu",311823666,EXIT,"Strada Clopotarii Vechi East Bound",ROU,false,true,"Strada Clopotarii Vechi",EAST,7,,false,,true,"MULTILINESTRING ((26.09064 44.45148, 26.09058 44.45203, 26.09058 44.45209, 26.0906 44.45212, 26.09064 44.45213, 26.09071 44.45214, 26.09163 44.45221, 26.09174 44.45222, 26.09186 44.4522))","CxKNqR+cJjv/AgB6AEg7GA==",,"POINT (26.08558741493485 44.45208551048745)",465.2766420173214
6800743b11220d5a035da621,"Strada Buzești - Strada Medic Constantin Caracaș - Piața Regina Ana de România - Strada Clopotarii Vechi - Strada Paris - Bulevardul Ion Mihalache - Intrarea Doctor Iacob Felix - Strada Mexic - Bulevardul Iancu de Hunedoara - Strada Doctor Iacob Felix - Șoseaua Pavel Dimitrievici Kiseleff - Bulevardul Aviatorilor - Strada Argentina - Șoseaua Nicolae Titulescu - Aleea Alexandru - Bulevardul Alexandru Ioan Cuza - Bulevardul Lascăr Catargiu",940047663,EXIT," South Bound",ROU,false,true,"Unnamed road",SOUTH,7,,false,,true,"MULTILINESTRING ((26.09108 44.45149, 26.09106 44.45172, 26.09107 44.45176, 26.09111 44.45178, 26.09116 44.45179, 26.09146 44.45182, 26.09151 44.45181, 26.09153 44.45178, 26.09157 44.45156))","CxKNvR+cJjv/AQAxAAc7Hw==",,"POINT (26.08558741493485 44.45208551048745)",465.2766420173214
6800743b11220d5a035da621,"Strada Buzești - Strada Medic Constantin Caracaș - Piața Regina Ana de România - Strada Clopotarii Vechi - Strada Paris - Bulevardul Ion Mihalache - Intrarea Doctor Iacob Felix - Strada Mexic - Bulevardul Iancu de Hunedoara - Strada Doctor Iacob Felix - Șoseaua Pavel Dimitrievici Kiseleff - Bulevardul Aviatorilor - Strada Argentina - Șoseaua Nicolae Titulescu - Aleea Alexandru - Bulevardul Alexandru Ioan Cuza - Bulevardul Lascăr Catargiu",1114411646,EXIT,"Strada Grigore Alexandrescu East Bound",ROU,false,true,"Strada Grigore Alexandrescu",EAST,7,,true,,true,"MULTILINESTRING ((26.09038 44.45116, 26.09051 44.45117, 26.09433 44.45161))","CxKNnB+cFzvnBQGLAC07Fw==",,"POINT (26.08558741493485 44.45208551048745)",465.2766420173214
6800743b11220d5a035da621,"Strada Buzești - Strada Medic Constantin Caracaș - Piața Regina Ana de România - Strada Clopotarii Vechi - Strada Paris - Bulevardul Ion Mihalache - Intrarea Doctor Iacob Felix - Strada Mexic - Bulevardul Iancu de Hunedoara - Strada Doctor Iacob Felix - Șoseaua Pavel Dimitrievici Kiseleff - Bulevardul Aviatorilor - Strada Argentina - Șoseaua Nicolae Titulescu - Aleea Alexandru - Bulevardul Alexandru Ioan Cuza - Bulevardul Lascăr Catargiu",-1384678497,EXIT," East Bound",ROU,false,true,"Unnamed road",EAST,7,,false,,true,"MULTILINESTRING ((26.09108 44.45149, 26.09135 44.45153, 26.09148 44.45155, 26.09157 44.45156))","CxKNvR+cJjvmAAAxAAc7Fw==",,"POINT (26.08558741493485 44.45208551048745)",465.2766420173214
6800743b11220d5a035da621,"Strada Buzești - Strada Medic Constantin Caracaș - Piața Regina Ana de România - Strada Clopotarii Vechi - Strada Paris - Bulevardul Ion Mihalache - Intrarea Doctor Iacob Felix - Strada Mexic - Bulevardul Iancu de Hunedoara - Strada Doctor Iacob Felix - Șoseaua Pavel Dimitrievici Kiseleff - Bulevardul Aviatorilor - Strada Argentina - Șoseaua Nicolae Titulescu - Aleea Alexandru - Bulevardul Alexandru Ioan Cuza - Bulevardul Lascăr Catargiu",1547707649,EXIT,"Strada Povernei East Bound",ROU,false,true,"Strada Povernei",EAST,7,,true,,true,"MULTILINESTRING ((26.09077 44.45063, 26.09113 44.45075, 26.0912 44.45076, 26.09126 44.45076, 26.09177 44.45073))","CxKNrx+b/jvlAQBkAAo7GA==",,"POINT (26.08558741493485 44.45208551048745)",465.2766420173214
6800743b11220d5a035da621,"Strada Buzești - Strada Medic Constantin Caracaș - Piața Regina Ana de România - Strada Clopotarii Vechi - Strada Paris - Bulevardul Ion Mihalache - Intrarea Doctor Iacob Felix - Strada Mexic - Bulevardul Iancu de Hunedoara - Strada Doctor Iacob Felix - Șoseaua Pavel Dimitrievici Kiseleff - Bulevardul Aviatorilor - Strada Argentina - Șoseaua Nicolae Titulescu - Aleea Alexandru - Bulevardul Alexandru Ioan Cuza - Bulevardul Lascăr Catargiu",470376580,EXIT,"Bulevardul Lascăr Catargiu East Bound",ROU,false,true,"Bulevardul Lascăr Catargiu",EAST,2,,true,,true,"MULTILINESTRING ((26.09057 44.44998, 26.09092 44.44979, 26.09102 44.44974, 26.09113 44.44969))","CxKNpR+b4BJLAQBz/8USOoI=",,"POINT (26.08558741493485 44.45208551048745)",465.2766420173214
6800743b11220d5a035da621,"Strada Buzești - Strada Medic Constantin Caracaș - Piața Regina Ana de România - Strada Clopotarii Vechi - Strada Paris - Bulevardul Ion Mihalache - Intrarea Doctor Iacob Felix - Strada Mexic - Bulevardul Iancu de Hunedoara - Strada Doctor Iacob Felix - Șoseaua Pavel Dimitrievici Kiseleff - Bulevardul Aviatorilor - Strada Argentina - Șoseaua Nicolae Titulescu - Aleea Alexandru - Bulevardul Alexandru Ioan Cuza - Bulevardul Lascăr Catargiu",84976271,EXIT,"Calea Victoriei South Bound",ROU,false,true,"Calea Victoriei",SOUTH,3,,true,,true,"MULTILINESTRING ((26.08849 44.44919, 26.08873 44.44888, 26.08901 44.44851, 26.08913 44.44837))","CxKNRB+buxttAQBA/64bHQ==",,"POINT (26.08558741493485 44.45208551048745)",465.2766420173214
6800743b11220d5a035da621,"Strada Buzești - Strada Medic Constantin Caracaș - Piața Regina Ana de România - Strada Clopotarii Vechi - Strada Paris - Bulevardul Ion Mihalache - Intrarea Doctor Iacob Felix - Strada Mexic - Bulevardul Iancu de Hunedoara - Strada Doctor Iacob Felix - Șoseaua Pavel Dimitrievici Kiseleff - Bulevardul Aviatorilor - Strada Argentina - Șoseaua Nicolae Titulescu - Aleea Alexandru - Bulevardul Alexandru Ioan Cuza - Bulevardul Lascăr Catargiu",1054694454,EXIT,"Strada Buzești South Bound",ROU,false,true,"Strada Buzești",SOUTH,3,,true,,true,"MULTILINESTRING ((26.08291 44.44899, 26.08283 44.44885, 26.08278 44.44876, 26.08254 44.44834))","CxKMQB+bshpyAf/b/78aAQ==",,"POINT (26.08558741493485 44.45208551048745)",465.2766420173214
6800743b11220d5a035da621,"Strada Buzești - Strada Medic Constantin Caracaș - Piața Regina Ana de România - Strada Clopotarii Vechi - Strada Paris - Bulevardul Ion Mihalache - Intrarea Doctor Iacob Felix - Strada Mexic - Bulevardul Iancu de Hunedoara - Strada Doctor Iacob Felix - Șoseaua Pavel Dimitrievici Kiseleff - Bulevardul Aviatorilor - Strada Argentina - Șoseaua Nicolae Titulescu - Aleea Alexandru - Bulevardul Alexandru Ioan Cuza - Bulevardul Lascăr Catargiu",-1771678242,EXIT,"Bulevardul Alexandru Ioan Cuza West Bound",ROU,false,true,"Bulevardul Alexandru Ioan Cuza",WEST,5,,false,,true,"MULTILINESTRING ((26.08166 44.44902, 26.08135 44.44909, 26.08107 44.44917))","CxKMBh+bsyu5AP/FAA8rCg==",,"POINT (26.08558741493485 44.45208551048745)",465.2766420173214
6800743b11220d5a035da621,"Strada Buzești - Strada Medic Constantin Caracaș - Piața Regina Ana de România - Strada Clopotarii Vechi - Strada Paris - Bulevardul Ion Mihalache - Intrarea Doctor Iacob Felix - Strada Mexic - Bulevardul Iancu de Hunedoara - Strada Doctor Iacob Felix - Șoseaua Pavel Dimitrievici Kiseleff - Bulevardul Aviatorilor - Strada Argentina - Șoseaua Nicolae Titulescu - Aleea Alexandru - Bulevardul Alexandru Ioan Cuza - Bulevardul Lascăr Catargiu",1334509563,EXIT," West Bound",ROU,false,true,"Unnamed road",WEST,7,,false,,true,"MULTILINESTRING ((26.08113 44.44955, 26.08103 44.44953, 26.08096 44.4495, 26.08088 44.44944))","CxKL7R+bzD/1AP/n//U/BA==",,"POINT (26.08558741493485 44.45208551048745)",465.2766420173214
6800743b11220d5a035da621,"Strada Buzești - Strada Medic Constantin Caracaș - Piața Regina Ana de România - Strada Clopotarii Vechi - Strada Paris - Bulevardul Ion Mihalache - Intrarea Doctor Iacob Felix - Strada Mexic - Bulevardul Iancu de Hunedoara - Strada Doctor Iacob Felix - Șoseaua Pavel Dimitrievici Kiseleff - Bulevardul Aviatorilor - Strada Argentina - Șoseaua Nicolae Titulescu - Aleea Alexandru - Bulevardul Alexandru Ioan Cuza - Bulevardul Lascăr Catargiu",-559646269,EXIT,"Șoseaua Nicolae Titulescu West Bound",ROU,false,true,"Șoseaua Nicolae Titulescu",WEST,7,,false,,true,"MULTILINESTRING ((26.08039 44.45124, 26.07947 44.45125))","CxKLyx+cGjv4Af+kAAE7CA==",,"POINT (26.08558741493485 44.45208551048745)",465.2766420173214
6800743b11220d5a035da621,"Strada Buzești - Strada Medic Constantin Caracaș - Piața Regina Ana de România - Strada Clopotarii Vechi - Strada Paris - Bulevardul Ion Mihalache - Intrarea Doctor Iacob Felix - Strada Mexic - Bulevardul Iancu de Hunedoara - Strada Doctor Iacob Felix - Șoseaua Pavel Dimitrievici Kiseleff - Bulevardul Aviatorilor - Strada Argentina - Șoseaua Nicolae Titulescu - Aleea Alexandru - Bulevardul Alexandru Ioan Cuza - Bulevardul Lascăr Catargiu",-1025374086,EXIT,"Strada Veronica Micle South Bound",ROU,false,true,"Strada Veronica Micle",SOUTH,7,,true,,true,"MULTILINESTRING ((26.07981 44.45149, 26.0797 44.45148, 26.07959 44.45145, 26.07954 44.45142, 26.07951 44.45139, 26.07948 44.45136, 26.07947 44.45125))","CxKLsB+cJjv2AP/e/+g7AQ==",,"POINT (26.08558741493485 44.45208551048745)",465.2766420173214
6800743b11220d5a035da621,"Strada Buzești - Strada Medic Constantin Caracaș - Piața Regina Ana de România - Strada Clopotarii Vechi - Strada Paris - Bulevardul Ion Mihalache - Intrarea Doctor Iacob Felix - Strada Mexic - Bulevardul Iancu de Hunedoara - Strada Doctor Iacob Felix - Șoseaua Pavel Dimitrievici Kiseleff - Bulevardul Aviatorilor - Strada Argentina - Șoseaua Nicolae Titulescu - Aleea Alexandru - Bulevardul Alexandru Ioan Cuza - Bulevardul Lascăr Catargiu",-1378853533,EXIT,"Strada Doctor Iacob Felix West Bound",ROU,false,true,"Strada Doctor Iacob Felix",WEST,7,,false,,true,"MULTILINESTRING ((26.07981 44.45176, 26.0793 44.45175, 26.07919 44.45174))","CxKLsB+cMzv4AP/C//47Bw==",,"POINT (26.08558741493485 44.45208551048745)",465.2766420173214
6800743b11220d5a035da621,"Strada Buzești - Strada Medic Constantin Caracaș - Piața Regina Ana de România - Strada Clopotarii Vechi - Strada Paris - Bulevardul Ion Mihalache - Intrarea Doctor Iacob Felix - Strada Mexic - Bulevardul Iancu de Hunedoara - Strada Doctor Iacob Felix - Șoseaua Pavel Dimitrievici Kiseleff - Bulevardul Aviatorilor - Strada Argentina - Șoseaua Nicolae Titulescu - Aleea Alexandru - Bulevardul Alexandru Ioan Cuza - Bulevardul Lascăr Catargiu",-382955541,EXIT,"Șoseaua Nicolae Titulescu West Bound",ROU,false,true,"Șoseaua Nicolae Titulescu",WEST,2,,true,,true,"MULTILINESTRING ((26.08099 44.4522, 26.0806 44.4522))","CxKL5x+cRxJYAv83AAISKM4=",,"POINT (26.08558741493485 44.45208551048745)",465.2766420173214
6800743b11220d5a035da621,"Strada Buzești - Strada Medic Constantin Caracaș - Piața Regina Ana de România - Strada Clopotarii Vechi - Strada Paris - Bulevardul Ion Mihalache - Intrarea Doctor Iacob Felix - Strada Mexic - Bulevardul Iancu de Hunedoara - Strada Doctor Iacob Felix - Șoseaua Pavel Dimitrievici Kiseleff - Bulevardul Aviatorilor - Strada Argentina - Șoseaua Nicolae Titulescu - Aleea Alexandru - Bulevardul Alexandru Ioan Cuza - Bulevardul Lascăr Catargiu",1426707712,EXIT," West Bound",ROU,false,true,"Unnamed road",WEST,7,,false,,true,"MULTILINESTRING ((26.0799 44.45259, 26.07925 44.45254, 26.07896 44.45248))","CxKLtB+cWTv3Af+i//U7Bg==",,"POINT (26.08558741493485 44.45208551048745)",465.2766420173214
6800743b11220d5a035da621,"Strada Buzești - Strada Medic Constantin Caracaș - Piața Regina Ana de România - Strada Clopotarii Vechi - Strada Paris - Bulevardul Ion Mihalache - Intrarea Doctor Iacob Felix - Strada Mexic - Bulevardul Iancu de Hunedoara - Strada Doctor Iacob Felix - Șoseaua Pavel Dimitrievici Kiseleff - Bulevardul Aviatorilor - Strada Argentina - Șoseaua Nicolae Titulescu - Aleea Alexandru - Bulevardul Alexandru Ioan Cuza - Bulevardul Lascăr Catargiu",-168253093,EXIT,"Strada Lebedei North Bound",ROU,false,true,"Strada Lebedei",NORTH,7,,true,,true,"MULTILINESTRING ((26.0799 44.45259, 26.0799 44.45267, 26.07978 44.45314))","CxKLtB+cWTv/Av/nAHA7L4M=",,"POINT (26.08558741493485 44.45208551048745)",465.2766420173214
6800743b11220d5a035da621,"Strada Buzești - Strada Medic Constantin Caracaș - Piața Regina Ana de România - Strada Clopotarii Vechi - Strada Paris - Bulevardul Ion Mihalache - Intrarea Doctor Iacob Felix - Strada Mexic - Bulevardul Iancu de Hunedoara - Strada Doctor Iacob Felix - Șoseaua Pavel Dimitrievici Kiseleff - Bulevardul Aviatorilor - Strada Argentina - Șoseaua Nicolae Titulescu - Aleea Alexandru - Bulevardul Alexandru Ioan Cuza - Bulevardul Lascăr Catargiu",-2107783065,EXIT,"Strada Medic Constantin Caracaș West Bound",ROU,false,true,"Strada Medic Constantin Caracaș",WEST,7,,false,,true,"MULTILINESTRING ((26.08044 44.45376, 26.08035 44.45375, 26.07965 44.45371))","CxKLzR+ckDv3Af+x//s7Bw==",,"POINT (26.08558741493485 44.45208551048745)",465.2766420173214
6800743b11220d5a035da621,"Strada Buzești - Strada Medic Constantin Caracaș - Piața Regina Ana de România - Strada Clopotarii Vechi - Strada Paris - Bulevardul Ion Mihalache - Intrarea Doctor Iacob Felix - Strada Mexic - Bulevardul Iancu de Hunedoara - Strada Doctor Iacob Felix - Șoseaua Pavel Dimitrievici Kiseleff - Bulevardul Aviatorilor - Strada Argentina - Șoseaua Nicolae Titulescu - Aleea Alexandru - Bulevardul Alexandru Ioan Cuza - Bulevardul Lascăr Catargiu",-1020919315,EXIT,"Strada Doctor Iacob Felix North Bound",ROU,false,true,"Strada Doctor Iacob Felix",NORTH,7,,false,,true,"MULTILINESTRING ((26.08044 44.45376, 26.08042 44.45391, 26.08038 44.45411))","CxKLzR+ckDv/AP/6ACM7Dw==",,"POINT (26.08558741493485 44.45208551048745)",465.2766420173214
6800743b11220d5a035da621,"Strada Buzești - Strada Medic Constantin Caracaș - Piața Regina Ana de România - Strada Clopotarii Vechi - Strada Paris - Bulevardul Ion Mihalache - Intrarea Doctor Iacob Felix - Strada Mexic - Bulevardul Iancu de Hunedoara - Strada Doctor Iacob Felix - Șoseaua Pavel Dimitrievici Kiseleff - Bulevardul Aviatorilor - Strada Argentina - Șoseaua Nicolae Titulescu - Aleea Alexandru - Bulevardul Alexandru Ioan Cuza - Bulevardul Lascăr Catargiu",-414549202,EXIT,"Bulevardul Ion Mihalache North Bound",ROU,false,true,"Bulevardul Ion Mihalache",NORTH,3,,true,,true,"MULTILINESTRING ((26.0823 44.45418, 26.08179 44.45463, 26.08166 44.45475))","CxKMJB+cpBp8Af/AADkaDA==",,"POINT (26.08558741493485 44.45208551048745)",465.2766420173214
